aeropuerto,iata_code,total_pasajeros,variacion_pct_pasajeros,mes_anio,ranking_pasajeros,pasajeros_anio_anterior,cuota_red_pct,tipo_trafico,total_operaciones,variacion_pct_operaciones,ranking_operaciones,ops_anio_anterior,pct_sobre_red,promedio_diario_ops,ocupacion_estimada_pax_op
Adolfo Suárez Madrid-Barajas,MAD,5379569,3.5,2026-01,1,5197651.0,26.48,Mixto,34658,2.5,1,33813,19.98,1118.0,165.0
Josep Tarradellas Barcelona-El Prat,BCN,3806895,3.0,2026-01,2,3696015.0,18.74,Mixto,24537,-0.2,2,24586,14.15,791.5,122.0
Málaga-Costa del Sol,AGP,1440294,5.1,2026-01,3,1370403.0,7.09,Mixto,10830,3.9,4,10423,6.24,349.4,136.0
Gran Canaria,LPA,1398924,2.1,2026-01,4,1370151.0,6.89,Internacional,12349,1.5,3,12167,7.12,398.4,139.0
Tenerife Sur,TFS,1275134,-1.0,2026-01,5,1288014.0,6.28,Internacional,8409,-3.5,6,8714,4.85,271.3,167.0
Alicante-Elche Miguel Hdez.,ALC,1106689,4.7,2026-01,6,1057010.0,5.45,Mixto,7521,5.6,7,7122,4.34,242.6,182.0
Palma de Mallorca,PMI,882638,-3.0,2026-01,7,909936.0,4.34,Internacional,8496,-1.9,5,8661,4.9,274.1,172.0
Valencia,VLC,756281,7.0,2026-01,8,706805.0,3.72,Mixto,6257,3.0,9,6075,3.61,201.8,150.0
Sevilla,SVQ,717163,9.4,2026-01,9,655542.0,3.53,Mixto,5491,8.6,11,5056,3.17,177.1,135.0
Lanzarote-César Manrique,ACE,703457,0.3,2026-01,10,701353.0,3.46,Internacional,5907,2.6,10,5757,3.41,190.5,122.0
Fuerteventura,FUE,533137,-3.0,2026-01,11,549626.0,2.62,Internacional,4358,-2.2,12,4456,2.51,140.6,155.0
Tenerife Norte-C. La Laguna,TFN,525988,1.1,2026-01,12,520265.0,2.59,Internacional,6700,2.3,8,6549,3.86,216.1,126.0
Bilbao,BIO,415349,13.5,2026-01,13,365946.0,2.04,Mixto,3241,9.0,14,2973,1.87,104.5,134.0
Ibiza,IBZ,199053,-5.6,2026-01,14,210861.0,0.98,Internacional,2555,-4.5,17,2675,1.47,82.4,135.0
Asturias,OVD,138916,4.6,2026-01,15,132807.0,0.68,Mixto,1107,2.8,23,1077,0.64,35.7,144.0
Santiago-Rosalía de Castro,SCQ,133079,-29.2,2026-01,16,187965.0,0.66,Mixto,1068,-28.7,25,1498,0.62,34.5,187.0
La Palma,SPC,125063,-0.9,2026-01,17,126199.0,0.62,Internacional,1937,2.9,18,1882,1.12,62.5,161.0
A Coruña,LCG,98242,4.0,2026-01,18,94463.0,0.48,Mixto,1095,-0.6,24,1102,0.63,35.3,131.0
FGL Granada-Jaén,GRX,96729,4.2,2026-01,19,92830.0,0.48,Mixto,1567,1.9,19,1538,0.9,50.5,177.0
Menorca,MAH,82872,-4.1,2026-01,20,86415.0,0.41,Internacional,1261,-5.5,22,1334,0.73,40.7,169.0
Vigo,VGO,72303,-8.1,2026-01,21,78676.0,0.36,Mixto,802,-6.6,29,859,0.46,25.9,179.0
Seve Ballesteros-Santander,SDR,62291,6.0,2026-01,22,58765.0,0.31,Mixto,647,-7.2,32,697,0.37,20.9,171.0
Zaragoza,ZAZ,46335,5.2,2026-01,23,44045.0,0.23,Mixto,745,10.5,30,674,0.43,24.0,162.0
Melilla,MLN,39367,1.5,2026-01,24,38785.0,0.19,Mixto,835,-3.8,28,868,0.48,26.9,127.0
Aeropuerto Intl. Región Murcia,MJV,38164,26.7,2026-01,25,30122.0,0.19,Mixto,447,28.8,37,347,0.26,14.4,178.0
Jerez de la Frontera,XRY,36620,12.2,2026-01,26,32638.0,0.18,Mixto,2881,14.8,16,2510,1.66,92.9,158.0
Girona-Costa Brava,GRO,35462,-8.2,2026-01,27,38630.0,0.17,Mixto,1292,-3.9,20,1344,0.74,41.7,120.0
Almería,LEI,35378,11.7,2026-01,28,31672.0,0.17,Mixto,697,-22.4,31,898,0.4,22.5,176.0
San Sebastián,EAS,28298,3.7,2026-01,29,27288.0,0.14,Mixto,314,-7.4,42,339,0.18,10.1,123.0
El Hierro,VDE,21629,-5.3,2026-01,30,22839.0,0.11,Internacional,448,-11.1,36,504,0.26,14.5,159.0
Vitoria,VIT,20666,3.9,2026-01,31,19890.0,0.1,Mixto,974,-1.5,27,989,0.56,31.4,126.0
Pamplona,PNA,18866,11.5,2026-01,32,16920.0,0.09,Mixto,405,-3.3,39,419,0.23,13.1,180.0
La Gomera,GMZ,8980,-1.4,2026-01,33,9108.0,0.04,Internacional,322,-38.8,41,526,0.19,10.4,169.0
Badajoz,BJZ,8208,32.3,2026-01,34,6204.0,0.04,Mixto,294,13.1,43,260,0.17,9.5,136.0
Valladolid,VLL,7528,-4.0,2026-01,35,7842.0,0.04,Mixto,184,-53.5,45,396,0.11,5.9,126.0
Ceuta-Helipuerto,,6303,-5.7,2026-01,36,6684.0,0.03,Mixto,4209,-15.4,13,4975,2.43,135.8,122.0
Ceuta-Helipuerto,,6303,-5.7,2026-01,36,6684.0,0.03,Mixto,3111,-3.9,15,3237,1.79,100.4,165.0
Ceuta-Helipuerto,,6303,-5.7,2026-01,36,6684.0,0.03,Mixto,1290,0.5,21,1284,0.74,41.6,176.0
Ceuta-Helipuerto,,6303,-5.7,2026-01,36,6684.0,0.03,Mixto,643,-10.1,33,715,0.37,20.7,158.0
Ceuta-Helipuerto,,6303,-5.7,2026-01,36,6684.0,0.03,Mixto,608,-49.7,34,1209,0.35,19.6,188.0
Ceuta-Helipuerto,,6303,-5.7,2026-01,36,6684.0,0.03,Mixto,538,-11.2,35,606,0.31,17.4,146.0
Ceuta-Helipuerto,,6303,-5.7,2026-01,36,6684.0,0.03,Mixto,444,-53.7,38,959,0.26,14.3,163.0
Ceuta-Helipuerto,,6303,-5.7,2026-01,36,6684.0,0.03,Mixto,352,-13.3,40,406,0.2,11.4,160.0
Ceuta-Helipuerto,,6303,-5.7,2026-01,36,6684.0,0.03,Mixto,226,-7.4,44,244,0.13,7.3,140.0
Ceuta-Helipuerto,,6303,-5.7,2026-01,36,6684.0,0.03,Mixto,106,-32.1,47,156,0.06,3.4,127.0
Ceuta-Helipuerto,,6303,-5.7,2026-01,36,6684.0,0.03,Mixto,90,45.2,48,62,0.05,2.9,139.0
Córdoba,,4114,1177.6,2026-01,37,322.0,0.02,Mixto,4209,-15.4,13,4975,2.43,135.8,122.0
Córdoba,,4114,1177.6,2026-01,37,322.0,0.02,Mixto,3111,-3.9,15,3237,1.79,100.4,165.0
Córdoba,,4114,1177.6,2026-01,37,322.0,0.02,Mixto,1290,0.5,21,1284,0.74,41.6,176.0
Córdoba,,4114,1177.6,2026-01,37,322.0,0.02,Mixto,643,-10.1,33,715,0.37,20.7,158.0
Córdoba,,4114,1177.6,2026-01,37,322.0,0.02,Mixto,608,-49.7,34,1209,0.35,19.6,188.0
Córdoba,,4114,1177.6,2026-01,37,322.0,0.02,Mixto,538,-11.2,35,606,0.31,17.4,146.0
Córdoba,,4114,1177.6,2026-01,37,322.0,0.02,Mixto,444,-53.7,38,959,0.26,14.3,163.0
Córdoba,,4114,1177.6,2026-01,37,322.0,0.02,Mixto,352,-13.3,40,406,0.2,11.4,160.0
Córdoba,,4114,1177.6,2026-01,37,322.0,0.02,Mixto,226,-7.4,44,244,0.13,7.3,140.0
Córdoba,,4114,1177.6,2026-01,37,322.0,0.02,Mixto,106,-32.1,47,156,0.06,3.4,127.0
Córdoba,,4114,1177.6,2026-01,37,322.0,0.02,Mixto,90,45.2,48,62,0.05,2.9,139.0
León,LEN,3526,8.3,2026-01,38,3256.0,0.02,Mixto,121,-54.9,46,268,0.07,3.9,136.0
Algeciras-Helipuerto,,2795,-4.0,2026-01,39,2911.0,0.01,Mixto,4209,-15.4,13,4975,2.43,135.8,122.0
Algeciras-Helipuerto,,2795,-4.0,2026-01,39,2911.0,0.01,Mixto,3111,-3.9,15,3237,1.79,100.4,165.0
Algeciras-Helipuerto,,2795,-4.0,2026-01,39,2911.0,0.01,Mixto,1290,0.5,21,1284,0.74,41.6,176.0
Algeciras-Helipuerto,,2795,-4.0,2026-01,39,2911.0,0.01,Mixto,643,-10.1,33,715,0.37,20.7,158.0
Algeciras-Helipuerto,,2795,-4.0,2026-01,39,2911.0,0.01,Mixto,608,-49.7,34,1209,0.35,19.6,188.0
Algeciras-Helipuerto,,2795,-4.0,2026-01,39,2911.0,0.01,Mixto,538,-11.2,35,606,0.31,17.4,146.0
Algeciras-Helipuerto,,2795,-4.0,2026-01,39,2911.0,0.01,Mixto,444,-53.7,38,959,0.26,14.3,163.0
Algeciras-Helipuerto,,2795,-4.0,2026-01,39,2911.0,0.01,Mixto,352,-13.3,40,406,0.2,11.4,160.0
Algeciras-Helipuerto,,2795,-4.0,2026-01,39,2911.0,0.01,Mixto,226,-7.4,44,244,0.13,7.3,140.0
Algeciras-Helipuerto,,2795,-4.0,2026-01,39,2911.0,0.01,Mixto,106,-32.1,47,156,0.06,3.4,127.0
Algeciras-Helipuerto,,2795,-4.0,2026-01,39,2911.0,0.01,Mixto,90,45.2,48,62,0.05,2.9,139.0
Logroño,,1478,18.5,2026-01,40,1247.0,0.01,Mixto,4209,-15.4,13,4975,2.43,135.8,122.0
Logroño,,1478,18.5,2026-01,40,1247.0,0.01,Mixto,3111,-3.9,15,3237,1.79,100.4,165.0
Logroño,,1478,18.5,2026-01,40,1247.0,0.01,Mixto,1290,0.5,21,1284,0.74,41.6,176.0
Logroño,,1478,18.5,2026-01,40,1247.0,0.01,Mixto,643,-10.1,33,715,0.37,20.7,158.0
Logroño,,1478,18.5,2026-01,40,1247.0,0.01,Mixto,608,-49.7,34,1209,0.35,19.6,188.0
Logroño,,1478,18.5,2026-01,40,1247.0,0.01,Mixto,538,-11.2,35,606,0.31,17.4,146.0
Logroño,,1478,18.5,2026-01,40,1247.0,0.01,Mixto,444,-53.7,38,959,0.26,14.3,163.0
Logroño,,1478,18.5,2026-01,40,1247.0,0.01,Mixto,352,-13.3,40,406,0.2,11.4,160.0
Logroño,,1478,18.5,2026-01,40,1247.0,0.01,Mixto,226,-7.4,44,244,0.13,7.3,140.0
Logroño,,1478,18.5,2026-01,40,1247.0,0.01,Mixto,106,-32.1,47,156,0.06,3.4,127.0
Logroño,,1478,18.5,2026-01,40,1247.0,0.01,Mixto,90,45.2,48,62,0.05,2.9,139.0
Reus,REU,589,-57.3,2026-01,41,1379.0,0.0,Mixto,1062,-16.8,26,1276,0.61,34.3,144.0
Albacete,,356,77.1,2026-01,42,201.0,0.0,Mixto,4209,-15.4,13,4975,2.43,135.8,122.0
Albacete,,356,77.1,2026-01,42,201.0,0.0,Mixto,3111,-3.9,15,3237,1.79,100.4,165.0
Albacete,,356,77.1,2026-01,42,201.0,0.0,Mixto,1290,0.5,21,1284,0.74,41.6,176.0
Albacete,,356,77.1,2026-01,42,201.0,0.0,Mixto,643,-10.1,33,715,0.37,20.7,158.0
Albacete,,356,77.1,2026-01,42,201.0,0.0,Mixto,608,-49.7,34,1209,0.35,19.6,188.0
Albacete,,356,77.1,2026-01,42,201.0,0.0,Mixto,538,-11.2,35,606,0.31,17.4,146.0
Albacete,,356,77.1,2026-01,42,201.0,0.0,Mixto,444,-53.7,38,959,0.26,14.3,163.0
Albacete,,356,77.1,2026-01,42,201.0,0.0,Mixto,352,-13.3,40,406,0.2,11.4,160.0
Albacete,,356,77.1,2026-01,42,201.0,0.0,Mixto,226,-7.4,44,244,0.13,7.3,140.0
Albacete,,356,77.1,2026-01,42,201.0,0.0,Mixto,106,-32.1,47,156,0.06,3.4,127.0
Albacete,,356,77.1,2026-01,42,201.0,0.0,Mixto,90,45.2,48,62,0.05,2.9,139.0
Burgos,,285,,2026-01,43,,0.0,Mixto,4209,-15.4,13,4975,2.43,135.8,122.0
Burgos,,285,,2026-01,43,,0.0,Mixto,3111,-3.9,15,3237,1.79,100.4,165.0
Burgos,,285,,2026-01,43,,0.0,Mixto,1290,0.5,21,1284,0.74,41.6,176.0
Burgos,,285,,2026-01,43,,0.0,Mixto,643,-10.1,33,715,0.37,20.7,158.0
Burgos,,285,,2026-01,43,,0.0,Mixto,608,-49.7,34,1209,0.35,19.6,188.0
Burgos,,285,,2026-01,43,,0.0,Mixto,538,-11.2,35,606,0.31,17.4,146.0
Burgos,,285,,2026-01,43,,0.0,Mixto,444,-53.7,38,959,0.26,14.3,163.0
Burgos,,285,,2026-01,43,,0.0,Mixto,352,-13.3,40,406,0.2,11.4,160.0
Burgos,,285,,2026-01,43,,0.0,Mixto,226,-7.4,44,244,0.13,7.3,140.0
Burgos,,285,,2026-01,43,,0.0,Mixto,106,-32.1,47,156,0.06,3.4,127.0
Burgos,,285,,2026-01,43,,0.0,Mixto,90,45.2,48,62,0.05,2.9,139.0
